anio,periodo,codigodistrito,codigobarrio,nombrebarrio,datopoblacion,datopoblacionmenor16,datopoblacionentre16y64,datopoblacionmayor65,datosobreenvejecimiento,datosobreenvejecimientohombres,datosobreenvejecimientomujeres,datofeminidad,datorentamedia,datoparadosregistrados,datoparadosregistradoshombres,datoparadosregistradosmujer,datoafiliacionestrabajo,datoafiliacionestrabajohombres,datoafiliacionestrabajomujer,datoafiliacionesresidencia,datoafiliacionesresidenciahombres,datoafiliacionesresidenciamujer,datoautonomo,datoautonomoshombres,datoautonomosmujer,date,objectid_joined,coddis_joined,nomdis_joined,cod_bar_joined,nombre_joined,shape_leng_joined,cod_dis_tx_joined,barrio_may_joined,cod_disbar_joined,num_bar_joined,barrio_mt_joined,cod_disb_joined,shape_star_joined,shape_stle_joined
2022,Anual,1,11,Palacio,23417,7.24,73.65,19.11,31,23.3,36.2,102.4,,1060,579,481,15398,7.586,7.812,10168,5.38,4.788,2367,1.452,915,01/01/2022,191,1,Centro,11,Palacio,5754.82274848,1,PALACIO,11,1,PALACIO,1-1,1469905.68364,5754.82274848
2022,Anual,1,12,Embajadores,46444,8.09,78.35,13.56,31.8,24.2,36.6,91.4,,2265,1.150,1.115,14146,7.094,7.052,21169,11.689,9.48,3903,2.406,1.497,01/01/2022,181,1,Centro,12,Embajadores,4275.227681,1,EMBAJADORES,12,2,EMBAJADORES,1-2,1033724.69833,4275.227681
2022,Anual,1,13,Cortes,10828,6.33,76.6,17.08,29.6,23.8,33.9,102.6,,390,189,201,25666,12.124,13.542,4659,2.522,2.137,1650,1.046,604,01/01/2022,186,1,Centro,13,Cortes,3731.07903046,1,CORTES,13,3,CORTES,1-3,591874.121948,3731.07903046
2022,Anual,1,14,Justicia,18015,7.21,77.3,15.49,32.8,25.3,37.6,95.4,,682,370,312,32902,15.765,17.137,8163,4.505,3.658,2829,1.7,1.129,01/01/2022,195,1,Centro,14,Justicia,3597.42142713,1,JUSTICIA,14,4,JUSTICIA,1-4,739414.338038,3597.42142713
2022,Anual,1,15,Universidad,32861,7.13,77,15.87,32.3,24.8,36.9,101,,1234,600,634,34796,16.897,17.899,15473,8.244,7.229,3552,2.186,1.366,01/01/2022,197,1,Centro,15,Universidad,4060.07581276,1,UNIVERSIDAD,15,5,UNIVERSIDAD,1-5,948027.077316,4060.07581276
2022,Anual,1,16,Sol,8117,6.18,77.97,15.84,27.4,21.7,31.8,91.8,,322,171,151,24346,11.514,12.832,3295,1.825,1.47,1775,1.141,634,01/01/2022,187,1,Centro,16,Sol,2719.28788329,1,SOL,16,6,SOL,1-6,445300.822126,2719.28788329
2022,Anual,2,21,Imperial,22456,11.07,65.99,22.93,32.3,26.4,36.1,115.2,,783,330,453,8159,3.252,4.907,9462,4.611,4.851,921,553,368,01/01/2022,180,2,Arganzuela,21,Imperial,4557.93764198,2,IMPERIAL,21,1,IMPERIAL,2-1,967678.601988,4557.93764198
2022,Anual,2,22,Acacias,36038,9.89,65.05,25.06,27.4,22.9,30.6,116.6,,1190,477,713,8815,3.619,5.196,15203,7.33,7.873,1822,1.123,699,01/01/2022,171,2,Arganzuela,22,Acacias,3950.32602512,2,ACACIAS,22,2,ACACIAS,2-2,1073437.93653,3950.32602512
2022,Anual,2,23,Chopera,19734,10.63,66.39,22.98,37.3,32.2,40.3,119.4,,796,348,448,3805,1.663,2.142,8570,4.158,4.412,944,592,352,01/01/2022,162,2,Arganzuela,23,Chopera,3203.40797373,2,CHOPERA,23,3,CHOPERA,2-3,567786.529133,3203.40797373
2022,Anual,2,24,Legazpi,19469,17.36,72.14,10.5,21.5,16.4,25.5,104,,524,210,314,11623,5.766,5.857,9618,4.781,4.837,861,514,347,01/01/2022,155,2,Arganzuela,24,Legazpi,5141.64267076,2,LEGAZPI,24,4,LEGAZPI,2-4,1414470.49693,5141.64267076
2022,Anual,2,25,Delicias,28243,13.6,69.01,17.38,30.4,25.9,33.3,112.4,,909,403,506,38759,21.404,17.355,12690,6.21,6.48,1344,849,495,01/01/2022,163,2,Arganzuela,25,Delicias,4818.00335497,2,DELICIAS,25,5,DELICIAS,2-5,1054679.15941,4818.00335497
2022,Anual,2,26,Palos de la Frontera,25078,9.33,69.22,21.44,34,26.6,38.2,113.1,,901,421,480,11168,5.248,5.92,11252,5.626,5.626,1739,1.043,696,01/01/2022,173,2,Arganzuela,26,Palos de la Frontera,3647.7468831,2,PALOS DE LA FRONTERA,26,6,PALOS DE LA FRONTERA,2-6,648442.306207,3647.7468831
2022,Anual,2,27,Atocha,1620,17.96,71.91,10.12,24.4,16.7,29.6,103.5,,63,25,38,8067,4.107,3.96,667,338,329,73,41,32,01/01/2022,175,2,Arganzuela,27,Atocha,4957.68688238,2,ATOCHA,27,7,ATOCHA,2-7,735680.599505,4957.68688238
2022,Anual,3,31,Pacífico,32745,9.87,63.91,26.22,33.3,27.7,36.7,124.1,,948,398,550,20294,12.685,7.609,13415,6.42,6.995,1837,1.132,705,01/01/2022,172,3,Retiro,31,Pacífico,4017.27773289,3,PACIFICO,31,1,PACÍFICO,3-1,758250.357382,4017.27773289
2022,Anual,3,32,Adelfas,18715,12.9,64.55,22.55,28.4,23.5,31.5,115.7,,611,240,371,26442,19.311,7.131,7913,3.854,4.059,703,463,240,01/01/2022,170,3,Retiro,32,Adelfas,3584.88651527,3,ADELFAS,32,2,ADELFAS,3-2,640789.32924,3584.88651527
2022,Anual,3,33,Estrella,22780,12.91,55.53,31.57,32.9,30.8,34.3,116.7,,504,185,319,12997,5.455,7.542,8593,4.194,4.399,950,551,399,01/01/2022,188,3,Retiro,33,Estrella,4441.30986873,3,ESTRELLA,33,3,ESTRELLA,3-3,1025524.32048,4441.30986873
2022,Anual,3,34,Ibiza,21377,11.99,62.93,25.08,35.1,29.6,38.3,124.1,,564,232,332,19082,6.324,12.758,8483,4.025,4.458,1681,1.02,661,01/01/2022,190,3,Retiro,34,Ibiza,2912.81697723,3,IBIZA,34,4,IBIZA,3-4,491968.908798,2912.81697723
2022,Anual,3,35,Los Jerónimos,6926,11.7,62.37,25.93,39,32.1,43.4,114,,136,57,79,14942,7.126,7.816,2486,1.234,1.252,661,411,250,01/01/2022,189,3,Retiro,35,Los Jerónimos,5287.48477429,3,LOS JERONIMOS,35,5,LOS JERÓNIMOS,3-5,1906397.62525,5287.48477429
2022,Anual,3,36,Niño Jesús,15129,14.42,58.39,27.19,32.3,28.6,34.7,120.4,,327,135,192,8475,3.257,5.218,5849,2.843,3.006,932,531,401,01/01/2022,183,3,Retiro,36,Niño Jesús,3545.83319896,3,NIÑO JESUS,36,6,NIÑO JESÚS,3-6,643280.623212,3545.83319896
2022,Anual,4,41,Recoletos,15647,11.26,65.11,23.63,32.3,25.1,37.3,122.1,,234,91,143,50658,22.994,27.664,5604,2.743,2.861,3091,1.882,1.209,01/01/2022,196,4,Salamanca,41,Recoletos,3926.67638049,4,RECOLETOS,41,1,RECOLETOS,4-1,873144.652054,3926.67638049
2022,Anual,4,42,Goya,29441,10.36,65.75,23.89,33.5,27.3,37.2,129.3,,673,244,429,58322,24.102,34.22,11732,5.504,6.228,2791,1.553,1.238,01/01/2022,193,4,Salamanca,42,Goya,3473.08430751,4,GOYA,42,2,GOYA,4-2,770293.653231,3473.08430751
2022,Anual,4,43,Fuente del Berro,20848,10.79,64.5,24.71,36.4,30.8,39.6,129.4,,674,300,374,12939,6.969,5.97,8769,4.102,4.667,1214,712,502,01/01/2022,198,4,Salamanca,43,Fuente del Berro,3886.35058356,4,FUENTE DEL BERRO,43,3,FUENTE DEL BERRO,4-3,852575.751904,3886.35058356
2022,Anual,4,44,Guindalera,41721,11.43,64.59,23.97,39.7,33.7,43.2,120.5,,1170,480,690,21599,9.779,11.82,17481,8.508,8.973,2535,1.586,949,01/01/2022,211,4,Salamanca,44,Guindalera,5192.25222147,4,GUINDALERA,44,4,GUINDALERA,4-4,1602789.62946,5192.25222147
2022,Anual,4,45,Lista,20785,10.59,65.29,24.12,35.2,29.4,38.5,131,,467,192,275,17425,6.837,10.588,8131,3.763,4.368,1808,1.052,756,01/01/2022,202,4,Salamanca,45,Lista,3233.58399618,4,LISTA,45,5,LISTA,4-5,520214.542952,3233.58399618
2022,Anual,4,46,Castellana,17015,10.75,65.76,23.49,33,27.7,36.2,128.4,,256,113,143,35518,17.08,18.438,6143,2.895,3.248,2353,1.461,892,01/01/2022,204,4,Salamanca,46,Castellana,3746.20654909,4,CASTELLANA,46,6,CASTELLANA,4-6,773385.198112,3746.20654909
2022,Anual,5,51,El Viso,17181,13.65,64.21,22.14,35.7,29.8,39.6,121.2,,286,122,164,39454,17.472,21.982,6983,,,1938,1.144,794,01/01/2022,221,5,Chamartín,51,El Viso,5270.83196557,5,EL VISO,51,1,EL VISO,5-1,1709232.75261,5270.83196557
2022,Anual,5,52,Prosperidad,35963,11.04,63.06,25.89,32.7,27.6,35.8,123.8,,1105,485,620,43381,13.655,29.726,15159,,,2170,1.332,838,01/01/2022,223,5,Chamartín,52,Prosperidad,5253.17416171,5,PROSPERIDAD,52,2,PROSPERIDAD,5-2,1040058.1802,5253.17416171
2022,Anual,5,53,Ciudad Jardín,18410,12.2,64.15,23.65,34.5,28.4,38.1,125,,556,223,333,15474,8.191,7.283,7697,,,1397,853,544,01/01/2022,222,5,Chamartín,53,Ciudad Jardín,3915.01692628,5,CIUDAD JARDIN,53,3,CIUDAD JARDÍN,5-3,762309.554636,3915.01692628
2022,Anual,5,54,Hispanoamérica,31463,14.27,61.01,24.72,38.1,32.4,41.6,121.8,,670,290,380,25271,11.746,13.525,12431,,,2427,1.432,995,01/01/2022,228,5,Chamartín,54,Hispanoamérica,6079.00588174,5,HISPANOAMERICA,54,4,HISPANOAMÉRICA,5-4,1712523.61493,6079.00588174
2022,Anual,5,55,Nueva España,24366,16.61,62.09,21.3,36.2,33.7,37.9,121.2,,449,175,274,23548,11.579,11.969,10039,,,2042,1.2,842,01/01/2022,236,5,Chamartín,55,Nueva España,5591.54147102,5,NUEVA ESPAÑA,55,5,NUEVA ESPAÑA,5-5,1790094.3563,5591.54147102
2022,Anual,5,56,Castilla,16988,13.47,63.88,22.65,34.8,27.8,39.4,116.2,,396,162,234,46191,20.265,25.926,6943,,,1006,631,375,01/01/2022,248,5,Chamartín,56,Castilla,6783.48023554,5,CASTILLA,56,6,CASTILLA,5-6,2161263.41933,6783.48023554
2022,Anual,6,61,Bellas Vistas,28995,11.72,69.66,18.62,32.3,26.8,35.6,119.1,,1135,480,655,7392,3.509,3.883,12382,5.883,6.499,1403,887,516,01/01/2022,227,6,Tetuán,61,Bellas Vistas,3433.62540248,6,BELLAS VISTAS,61,1,BELLAS VISTAS,6-1,715169.658717,3433.62540248
2022,Anual,6,62,Cuatro Caminos,34471,10.52,66.75,22.72,34.6,29.2,37.7,123.3,,1002,437,565,121127,78.754,42.373,14718,6.986,7.732,3069,1.918,1.151,01/01/2022,225,6,Tetuán,62,Cuatro Caminos,4354.62198029,6,CUATRO CAMINOS,62,2,CUATRO CAMINOS,6-2,1185033.9916,4354.62198029
2022,Anual,6,63,Castillejos,20282,9.94,66.08,23.97,35.1,31.1,37.5,123,,643,266,377,35388,17.007,18.381,8635,4.152,4.483,2204,1.367,837,01/01/2022,233,6,Tetuán,63,Castillejos,3547.92752664,6,CASTILLEJOS,63,3,CASTILLEJOS,6-3,704681.26477,3547.92752664
2022,Anual,6,64,Almenara,22594,11.86,69.17,18.97,40.1,32.4,44.6,117.4,,1301,536,765,8772,4.007,4.765,9434,4.614,4.82,850,562,288,01/01/2022,241,6,Tetuán,64,Almenara,4011.78365095,6,ALMENARA,64,4,ALMENARA,6-4,999367.231008,4011.78365096
2022,Anual,6,65,Valdeacederas,26140,12.31,73.01,14.68,35.4,30.1,38.7,112.9,,1242,515,727,3240,1.897,1.343,12060,5.849,6.211,1152,798,354,01/01/2022,240,6,Tetuán,65,Valdeacederas,5027.59763808,6,VALDEACEDERAS,65,5,VALDEACEDERAS,6-5,1163408.91308,5027.59763808
2022,Anual,6,66,Berruguete,24951,11.91,71.47,16.62,36.1,30.7,39.1,122.7,,1061,492,569,4706,2.197,2.509,11110,5.158,5.952,1132,743,389,01/01/2022,231,6,Tetuán,66,Berruguete,3421.08587877,6,BERRUGUETE,66,6,BERRUGUETE,6-6,607063.386778,3421.08587877
2022,Anual,7,71,Gaztambide,22659,9.54,64.83,25.64,34.8,29.1,38.1,125.3,,623,248,375,10969,4.91,6.059,9131,4.295,4.836,1815,1.06,755,01/01/2022,208,7,Chamberí,71,Gaztambide,2969.10754922,7,GAZTAMBIDE,71,1,GAZTAMBIDE,7-1,506477.728583,2969.10754922
2022,Anual,7,72,Arapiles,23972,10.09,65.62,24.29,34.7,28.5,38.1,122.6,,671,280,391,14488,6.039,8.449,10087,4.852,5.235,1779,1.055,724,01/01/2022,207,7,Chamberí,72,Arapiles,3096.15000842,7,ARAPILES,72,2,ARAPILES,7-2,578229.621477,3096.15000842
2022,Anual,7,73,Trafalgar,24495,9.97,68.49,21.54,32,25.2,36.1,121.4,,717,308,409,17968,7.798,10.17,10728,5.058,5.67,2238,1.324,914,01/01/2022,206,7,Chamberí,73,Trafalgar,3505.63511346,7,TRAFALGAR,73,3,TRAFALGAR,7-3,611878.110237,3505.63511347
2022,Anual,7,74,Almagro,19358,11.44,64.13,24.42,35,27.2,39.7,126.2,,393,173,220,69722,27.385,42.337,7743,3.725,4.018,2583,1.521,1.062,01/01/2022,205,7,Chamberí,74,Almagro,4073.71546314,7,ALMAGRO,74,4,ALMAGRO,7-4,937940.694984,4073.71546314
2022,Anual,7,75,Ríos Rosas,26901,11.35,64.99,23.66,35.6,29.6,38.8,128,,618,253,365,25811,11.51,14.301,11316,5.287,6.029,2143,1.273,870,01/01/2022,213,7,Chamberí,75,Ríos Rosas,4063.12078034,7,RIOS ROSAS,75,5,RÍOS ROSAS,7-5,975419.853646,4063.12078034
2022,Anual,7,76,Vallehermoso,19902,11.31,60.95,27.75,37.1,30.9,40.3,130.9,,412,158,254,14589,5.926,8.663,7662,3.599,4.063,1290,704,586,01/01/2022,214,7,Chamberí,76,Vallehermoso,4220.26344041,7,VALLEHERMOSO,76,6,VALLEHERMOSO,7-6,1069239.03785,4220.26344041
2022,Anual,8,81,El Pardo,3382,12.21,63.04,24.75,44.6,39.9,47.3,101,,119,58,61,335,175,160,1324,711,613,96,65,31,01/01/2022,260,8,Fuencarral - El Pardo,81,El Pardo,87226.06860511,8,EL PARDO,81,1,EL PARDO,8-1,187583377.386,87226.0686051
2022,Anual,8,82,Fuentelarreina,3346,17.54,56.37,26.09,34,33.3,34.5,121.2,,35,13,22,2025,796,1.229,1212,574,638,182,108,74,01/01/2022,253,8,Fuencarral - El Pardo,82,Fuentelarreina,7691.86516056,8,FUENTELARREINA,82,2,FUENTELARREINA,8-2,1382643.6267,7691.86516055
2022,Anual,8,83,Peñagrande,43887,12.99,59.87,27.15,27.8,25.1,29.8,115.4,,1405,595,810,10563,4.696,5.867,17140,8.274,8.866,1667,1.007,660,01/01/2022,251,8,Fuencarral - El Pardo,83,Peñagrande,7271.45604131,8,PEÑAGRANDE,83,3,PEÑAGRANDE,8-3,2887271.92863,7271.4560413
2022,Anual,8,84,Pilar,45354,10.67,60.33,29,36.5,34.2,37.9,119.7,,1641,667,974,6986,3.454,3.532,18241,8.835,9.406,1650,1.041,609,01/01/2022,250,8,Fuencarral - El Pardo,84,Pilar,5160.91105299,8,PILAR,84,4,PILAR,8-4,1363211.52237,5160.91105299
2022,Anual,8,85,La Paz,32346,11.44,53.03,35.53,22.7,22.1,23.1,114.8,,729,276,453,33061,13.551,19.51,11630,5.676,5.954,1190,741,449,01/01/2022,252,8,Fuencarral - El Pardo,85,La Paz,6331.49177142,8,LA PAZ,85,5,LA PAZ,8-5,2154754.78051,6331.49177142
2022,Anual,8,86,Valverde,63651,22.58,65.35,12.08,34.7,29.8,37.7,109.9,,2192,906,1.286,63103,35.093,28.01,27808,13.563,14.245,2413,1.499,914,01/01/2022,258,8,Fuencarral - El Pardo,86,Valverde,12214.17614034,8,VALVERDE,86,6,VALVERDE,8-6,8981228.48477,12214.1761403
2022,Anual,8,87,Mirasierra,35240,22.14,62.45,15.41,24.5,22.8,26,108.3,,726,288,438,17030,7.098,9.932,14020,6.928,7.092,1307,809,498,01/01/2022,257,8,Fuencarral - El Pardo,87,Mirasierra,13146.62548557,8,MIRASIERRA,87,7,MIRASIERRA,8-7,6992795.51725,13146.6254856
2022,Anual,8,88,El Goloso,19075,30.12,61.82,8.06,44.6,34.7,50.8,102.3,,364,139,225,5854,2.187,3.667,8272,4.113,4.159,671,394,277,01/01/2022,259,8,Fuencarral - El Pardo,88,El Goloso,26548.95608588,8,EL GOLOSO,88,8,EL GOLOSO,8-8,26493087.1432,26548.9560859
2022,Anual,9,91,Casa de Campo,12804,9.86,64.6,25.53,41,32.5,46.1,116,,445,212,233,4495,1.994,2.501,5183,2.556,2.627,632,393,239,01/01/2022,220,9,Moncloa - Aravaca,91,Casa de Campo,19242.53385054,9,CASA DE CAMPO,91,1,CASA DE CAMPO,9-1,17460617.3729,19242.5338505
2022,Anual,9,92,Argüelles,24165,9.94,65.45,24.61,35.6,27.1,40.8,119,,578,266,312,16978,8.077,8.901,9383,4.563,4.82,2081,1.216,865,01/01/2022,201,9,Moncloa - Aravaca,92,Argüelles,5290.48313353,9,ARGÜELLES,92,2,ARGÜELLES,9-2,757530.926595,5290.48313353
2022,Anual,9,93,Ciudad Universitaria,16220,12.84,61.49,25.67,33.4,30.2,35.4,116.6,,353,150,203,50752,18.48,32.272,6017,2.939,3.078,994,623,371,01/01/2022,244,9,Moncloa - Aravaca,93,Ciudad Universitaria,19475.73451612,9,CIUDAD UNIVERSITARIA,93,3,CIUDAD UNIVERSITARIA,9-3,14250853.2398,19475.7345161
2022,Anual,9,94,Valdezarza,29802,12.67,62.15,25.18,35,31.7,37,119.1,,1151,498,653,3463,1.476,1.987,11832,5.704,6.128,1045,649,396,01/01/2022,239,9,Moncloa - Aravaca,94,Valdezarza,5347.7821719,9,VALDEZARZA,94,4,VALDEZARZA,9-4,1397455.73339,5347.78217191
2022,Anual,9,95,Valdemarín,7048,24.89,63.65,11.46,31.6,22.5,38.4,114.7,,109,46,63,13553,6.008,7.545,2737,1.332,1.405,535,296,239,01/01/2022,242,9,Moncloa - Aravaca,95,Valdemarín,8289.75749118,9,VALDEMARIN,95,5,VALDEMARÍN,9-5,3302462.34272,8289.75749118
2022,Anual,9,96,El Plantío,2998,18.91,61.94,19.15,25.8,23.2,27.9,116.6,,55,20,35,10095,5.522,4.573,1184,574,610,352,226,126,01/01/2022,245,9,Moncloa - Aravaca,96,El Plantío,9950.43889734,9,EL PLANTIO,96,6,EL PLANTÍO,9-6,3528175.0947,9950.43889734
2022,Anual,9,97,Aravaca,27323,18.08,65.75,16.17,26.4,22.2,29.7,113.8,,531,226,305,11617,4.223,7.394,10820,5.254,5.566,1717,1.004,713,01/01/2022,234,9,Moncloa - Aravaca,97,Aravaca,10869.46795468,9,ARAVACA,97,7,ARAVACA,9-7,5834041.44124,10869.4679547
2022,Anual,10,101,Los Cármenes,17543,13.24,69.77,16.99,35.1,29.9,38.4,111.3,,1124,467,657,2012,974,1.038,6912,3.407,3.505,598,415,183,01/01/2022,176,10,Latina,101,Los Cármenes,6182.22331316,10,LOS CARMENES,101,1,LOS CÁRMENES,10-1,1291998.54433,6182.22331316
2022,Anual,10,102,Puerta del Ángel,41401,11.03,68.62,20.35,39.4,32.8,43.5,116.6,,2124,903,1.221,7334,4.111,3.223,16960,8.091,8.869,1977,1.254,723,01/01/2022,184,10,Latina,102,Puerta del Ángel,5368.77588392,10,PUERTA DEL ANGEL,102,2,PUERTA DEL ÁNGEL,10-2,1375298.04853,5368.77588392
2022,Anual,10,103,Lucero,36062,11.95,66.03,22.01,41.6,37.5,44.3,113.5,,1710,804,906,4310,2.192,2.118,14415,6.914,7.501,1245,815,430,01/01/2022,178,10,Latina,103,Lucero,5498.29738199,10,LUCERO,103,3,LUCERO,10-3,1678995.60271,5498.29738199
2022,Anual,10,104,Aluche,65833,11.17,59.6,29.23,37.7,38.8,37,118.8,,2628,1.182,1.446,9110,4.298,4.812,24739,11.744,12.995,2463,1.611,852,01/01/2022,164,10,Latina,104,Aluche,7267.78655978,10,ALUCHE,104,4,ALUCHE,10-4,2849809.70733,7267.78655978
2022,Anual,10,105,Campamento,19337,12.57,64.03,23.41,41.6,40.3,42.5,115.6,,750,319,431,1717,976,741,7400,3.338,4.062,621,422,199,01/01/2022,161,10,Latina,105,Campamento,16523.70180977,10,CAMPAMENTO,105,5,CAMPAMENTO,10-5,9191379.46528,16523.7018098
2022,Anual,10,106,Cuatro Vientos,5966,21.57,71.44,6.99,18.5,15.3,21.5,99.1,,272,94,178,3723,1.071,2.652,2755,1.392,1.363,152,103,49,01/01/2022,140,10,Latina,106,Cuatro Vientos,10117.75419449,10,CUATRO VIENTOS,106,6,CUATRO VIENTOS,10-6,5430118.61157,10117.7541945
2022,Anual,10,107,Águilas,50906,11.54,60.74,27.72,39,38.7,39.1,115.9,,2108,891,1.217,4378,2.294,2.084,19800,9.488,10.312,1487,947,540,01/01/2022,152,10,Latina,107,Águilas,7627.75299821,10,AGUILAS,107,7,ÁGUILAS,10-7,3609602.61663,7627.75299821
2022,Anual,11,111,Comillas,22214,10.87,65.5,23.63,37.2,31.6,40.6,117.1,,1067,435,632,3424,1.845,1.579,8848,4.295,4.553,1129,747,382,01/01/2022,160,11,Carabanchel,111,Comillas,4257.85571595,11,COMILLAS,111,1,COMILLAS,11-1,666096.128544,4257.85571595
2022,Anual,11,112,Opañel,33300,11.53,68.25,20.23,37.1,33.2,39.5,117.9,,1530,634,896,4652,2.652,2,13635,6.429,7.206,1485,988,497,01/01/2022,157,11,Carabanchel,112,Opañel,4492.8314969,11,OPAÑEL,112,2,OPAÑEL,11-2,1107286.0441,4492.8314969
2022,Anual,11,113,San Isidro,39391,12.83,68.29,18.88,36.8,31.8,40,112.9,,2468,1.142,1.326,5786,3.343,2.443,15692,7.559,8.133,1557,1.094,463,01/01/2022,167,11,Carabanchel,113,San Isidro,6149.55254995,11,SAN ISIDRO,113,3,SAN ISIDRO,11-3,1899332.06036,6149.55254995
2022,Anual,11,114,Vista Alegre,46474,12.14,65.63,22.22,36.8,33.2,39.1,119.1,,2243,993,1.250,7046,3.547,3.499,18108,8.255,9.853,2071,1.332,739,01/01/2022,150,11,Carabanchel,114,Vista Alegre,6437.03231387,11,VISTA ALEGRE,114,4,VISTA ALEGRE,11-4,1589225.48185,6437.03231387
2022,Anual,11,115,Puerta Bonita,35395,13.96,68.49,17.55,39.7,33.5,43.4,112.6,,2045,879,1.166,3292,1.855,1.437,13933,6.72,7.213,1148,783,365,01/01/2022,147,11,Carabanchel,115,Puerta Bonita,5985.24337749,11,PUERTA BONITA,115,5,PUERTA BONITA,11-5,1608625.38732,5985.24337749
2022,Anual,11,116,Buenavista,47815,18.57,67.86,13.57,35.3,32.9,37.1,106.5,,2128,880,1.248,13354,6.956,6.398,21170,10.546,10.624,1703,1.148,555,01/01/2022,139,11,Carabanchel,116,Buenavista,11586.85546152,11,BUENAVISTA,116,6,BUENAVISTA,11-6,5613180.40224,11586.8554615
2022,Anual,11,117,Abrantes,30925,15.14,67.33,17.53,36.1,31.1,39.2,115.3,,1585,678,907,3423,1.905,1.518,12327,5.892,6.435,1135,802,333,01/01/2022,146,11,Carabanchel,117,Abrantes,5494.74745131,11,ABRANTES,117,7,ABRANTES,11-7,1564570.60899,5494.74745131
2022,Anual,12,121,Orcasitas,22996,16,65.01,18.99,39.3,33.9,42.7,112.4,,1216,522,694,1575,937,638,9157,4.53,4.627,549,374,175,01/01/2022,137,12,Usera,121,Orcasitas,4664.66743564,12,ORCASITAS,121,1,ORCASITAS,12-1,1356362.7318,4664.66743564
2022,Anual,12,122,Orcasur,14250,15.9,69.87,14.22,32.9,26.9,37.2,106.1,,1026,445,581,3310,1.74,1.57,5394,2.725,2.669,324,228,96,01/01/2022,143,12,Usera,122,Orcasur,6014.65367292,12,ORCASUR,122,2,ORCASUR,12-2,1387349.57518,6014.65367292
2022,Anual,12,123,San Fermín,23460,15.84,69.62,14.54,32,28.8,34.1,109.7,,1444,622,822,2869,1.656,1.213,9334,4.643,4.691,711,481,230,01/01/2022,141,12,Usera,123,San Fermín,5876.02669579,12,SAN FERMIN,123,3,SAN FERMÍN,12-3,1475399.06408,5876.02669579
2022,Anual,12,124,Almendrales,22499,15.09,69.33,15.57,40,31.8,44.8,113.8,,1116,491,625,7639,2.519,5.12,9023,4.23,4.793,870,571,299,01/01/2022,148,12,Usera,124,Almendrales,3727.30843206,12,ALMENDRALES,124,4,ALMENDRALES,12-4,780140.88006,3727.30843206
2022,Anual,12,125,Moscardó,26139,12.52,68.89,18.6,38.2,32.9,41.4,112.6,,1279,552,727,5432,2.505,2.927,10460,4.96,5.5,1205,783,422,01/01/2022,156,12,Usera,125,Moscardó,4248.7102722,12,MOSCARDO,125,5,MOSCARDÓ,12-5,908787.651465,4248.71027219
2022,Anual,12,126,Zofío,14022,13.09,69.21,17.7,36.7,31,40.3,113.4,,743,322,421,1447,890,557,5631,2.696,2.935,454,329,125,01/01/2022,144,12,Usera,126,Zofío,3742.72280117,12,ZOFIO,126,6,ZOFÍO,12-6,774025.53656,3742.72280116
2022,Anual,12,127,Pradolongo,17442,13.84,69.81,16.35,39.8,33.8,43.7,112.2,,892,383,509,2673,1.376,1.297,6576,3.134,3.442,842,542,300,01/01/2022,145,12,Usera,127,Pradolongo,4785.09791705,12,PRADOLONGO,127,7,PRADOLONGO,12-7,1095651.85364,4785.09791705
2022,Anual,13,131,Entrevías,34690,14.21,67.13,18.66,38.4,31.8,42.5,109.1,,2508,1.203,1.305,3833,2.537,1.296,13226,6.556,6.67,1016,716,300,01/01/2022,151,13,Puente de Vallecas,131,Entrevías,11034.98765455,13,ENTREVIAS,131,1,ENTREVÍAS,13-1,5971941.77676,11034.9876545
2022,Anual,13,132,San Diego,42910,14.62,72.03,13.35,37.2,30.9,41.1,109,,2809,1.233,1.576,7381,3.954,3.427,17447,8.526,8.921,1759,1.171,588,01/01/2022,158,13,Puente de Vallecas,132,San Diego,4726.30980582,13,SAN DIEGO,132,2,SAN DIEGO,13-2,1069868.70039,4726.30980581
2022,Anual,13,133,Palomeras Bajas,39935,12.28,70.3,17.42,34.1,27.2,38.8,113.3,,2256,925,1.331,4347,2.235,2.112,16960,8.219,8.741,1185,788,397,01/01/2022,154,13,Puente de Vallecas,133,Palomeras Bajas,5649.53359313,13,PALOMERAS BAJAS,133,3,PALOMERAS BAJAS,13-3,1723868.31405,5649.53359312
2022,Anual,13,134,Palomeras Sureste,42540,13.28,68.24,18.48,36.5,31.3,40,110.4,,2436,1.033,1.403,8015,4.061,3.954,18117,9.018,9.099,1245,864,381,01/01/2022,153,13,Puente de Vallecas,134,Palomeras Sureste,7823.24915143,13,PALOMERAS SURESTE,134,4,PALOMERAS SURESTE,13-4,3108597.47995,7823.24915143
2022,Anual,13,135,Portazgo,28249,13.75,64.84,21.41,37.3,32.9,40.1,112.2,,1809,809,1.000,3166,1.718,1.448,10863,5.36,5.503,1007,668,339,01/01/2022,159,13,Puente de Vallecas,135,Portazgo,4834.74449881,13,PORTAZGO,135,5,PORTAZGO,13-5,1245260.69119,4834.74449881
2022,Anual,13,136,Numancia,47314,12.7,68.71,18.59,36.2,30.8,39.7,111.5,,2848,1.267,1.581,7128,3.477,3.651,19116,9.257,9.859,1623,1.107,516,01/01/2022,169,13,Puente de Vallecas,136,Numancia,5364.46022524,13,NUMANCIA,136,6,NUMANCIA,13-6,1849069.19195,5364.46022524
2022,Anual,14,141,Pavones,8719,11.15,61.99,26.86,36.8,31.3,40.2,119.7,,403,174,229,1517,486,1.031,3214,1.592,1.622,228,159,69,01/01/2022,165,14,Moratalaz,141,Pavones,4120.64910825,14,PAVONES,141,1,PAVONES,14-1,1009652.01594,4120.64910825
2022,Anual,14,142,Horcajo,6354,14.37,74.99,10.64,25,22.3,27.1,107.9,,342,123,219,667,333,334,2884,1.406,1.478,231,155,76,01/01/2022,179,14,Moratalaz,142,Horcajo,3896.49325556,14,HORCAJO,142,2,HORCAJO,14-2,745946.321934,3896.49325555
2022,Anual,14,143,Marroquina,26297,9.6,61.87,28.53,38.2,35.9,39.7,117.1,,1057,417,640,4397,1.922,2.475,10320,5.025,5.295,1100,652,448,01/01/2022,182,14,Moratalaz,143,Marroquina,6747.79567742,14,MARROQUINA,143,3,MARROQUINA,14-3,1790050.43119,6747.79567742
2022,Anual,14,144,Media Legua,17377,11.18,60.2,28.62,35.5,33.2,37,121.5,,836,354,482,2344,1.16,1.184,6354,3.048,3.306,559,363,196,01/01/2022,185,14,Moratalaz,144,Media Legua,4676.05777049,14,MEDIA LEGUA,144,4,MEDIA LEGUA,14-4,998967.71032,4676.05777049
2022,Anual,14,145,Fontarrón,17044,12.23,63.58,24.19,47.1,41.8,50,120,,854,392,462,1496,835,661,6793,3.282,3.511,558,368,190,01/01/2022,174,14,Moratalaz,145,Fontarrón,6220.55647353,14,FONTARRON,145,5,FONTARRÓN,14-5,964573.887451,6220.55647353
2022,Anual,14,146,Vinateros,16599,11.04,60.32,28.64,48.2,46.4,49.2,125.3,,648,280,368,2094,835,1.259,6459,3.028,3.431,471,315,156,01/01/2022,177,14,Moratalaz,146,Vinateros,3721.67137773,14,VINATEROS,146,6,VINATEROS,14-6,593977.281579,3721.67137773
2022,Anual,15,151,Ventas,47801,10.87,66.11,23.02,42.8,38.9,45.2,122.3,,2161,981,1.180,6383,3.451,2.932,19984,9.402,10.582,2010,1.339,671,01/01/2022,199,15,Ciudad Lineal,151,Ventas,8207.61972814,15,VENTAS,151,1,VENTAS,15-1,3198035.68537,8207.61972814
2022,Anual,15,152,Pueblo Nuevo,61935,11.79,66.38,21.83,36.4,31.9,39.2,116.7,,2676,1.158,1.518,9124,4.953,4.171,25972,12.419,13.553,2708,1.807,901,01/01/2022,203,15,Ciudad Lineal,152,Pueblo Nuevo,7746.68299859,15,PUEBLO NUEVO,152,2,PUEBLO NUEVO,15-2,2319216.42283,7746.68299859
2022,Anual,15,153,Quintana,24183,10.76,67.48,21.76,40.5,34,44,125,,1089,476,613,6077,3.1,2.977,10366,4.842,5.524,1379,871,508,01/01/2022,209,15,Ciudad Lineal,153,Quintana,4438.48928039,15,QUINTANA,153,3,QUINTANA,15-3,723117.328149,4438.48928039
2022,Anual,15,154,La Concepción,20440,11.43,64.33,24.24,40.4,33.1,44.4,124.1,,761,320,441,6394,2.829,3.565,8417,3.99,4.427,1165,729,436,01/01/2022,212,15,Ciudad Lineal,154,La Concepción,5775.72730249,15,LA CONCEPCION,154,4,LA CONCEPCIÓN,15-4,885910.75017,5775.72730249
2022,Anual,15,155,San Pascual,17546,11.9,60.41,27.69,33.6,30.1,35.8,121.7,,637,267,370,48083,23.621,24.462,6852,3.288,3.564,844,521,323,01/01/2022,215,15,Ciudad Lineal,155,San Pascual,4456.0512678,15,SAN PASCUAL,155,5,SAN PASCUAL,15-5,1052724.59742,4456.0512678
2022,Anual,15,156,San Juan Bautista,12287,14.71,62.81,22.48,34.3,31.3,36.2,114.4,,317,142,175,18360,8.67,9.69,5000,2.464,2.536,735,419,316,01/01/2022,224,15,Ciudad Lineal,156,San Juan Bautista,4012.35095423,15,SAN JUAN BAUTISTA,156,6,SAN JUAN BAUTISTA,15-6,1010844.47491,4012.35095423
2022,Anual,15,157,Colina,6338,14.58,61.61,23.81,31.5,28.8,33.3,121.2,,217,73,144,2769,1.28,1.489,2578,1.265,1.313,443,256,187,01/01/2022,230,15,Ciudad Lineal,157,Colina,3175.56791319,15,COLINA,157,7,COLINA,15-7,559698.964963,3175.56791319
2022,Anual,15,158,Atalaya,1607,15.93,61.23,22.84,28.6,30.7,27.5,130.9,,37,16,21,696,258,438,594,276,318,142,65,77,01/01/2022,235,15,Ciudad Lineal,158,Atalaya,2240.85086308,15,ATALAYA,158,8,ATALAYA,15-8,248882.748259,2240.85086308
2022,Anual,15,159,Costillares,21768,14.47,62.62,22.91,30.8,29.5,31.8,113.4,,585,217,368,13085,6.265,6.82,8372,4.056,4.316,1134,668,466,01/01/2022,249,15,Ciudad Lineal,159,Costillares,5635.57542347,15,COSTILLARES,159,9,COSTILLARES,15-9,1427246.84756,5635.57542347
2022,Anual,16,161,Palomas,6933,18.59,65.25,16.15,21.9,22.5,21.3,104.7,,176,71,105,4269,1.806,2.463,2647,1.33,1.317,394,216,178,01/01/2022,226,16,Hortaleza,161,Palomas,4623.51429313,16,PALOMAS,161,1,PALOMAS,16-1,1068837.59185,4623.51429313
2022,Anual,16,162,Piovera,14948,17.31,67.11,15.58,24.9,21.9,27.6,108.8,,319,123,196,8437,3.285,5.152,5978,2.978,3,935,508,427,01/01/2022,229,16,Hortaleza,162,Piovera,7833.91163643,16,PIOVERA,162,2,PIOVERA,16-2,3139649.51166,7833.91163643
2022,Anual,16,163,Canillas,39708,11.78,60.72,27.5,32.3,30.7,33.5,115.5,,1344,533,811,9108,4.314,4.794,15467,7.517,7.95,1705,1.064,641,01/01/2022,237,16,Hortaleza,163,Canillas,7568.37673333,16,CANILLAS,163,3,CANILLAS,16-3,2522508.91498,7568.37673333
2022,Anual,16,164,Pinar del Rey,51844,11.93,61.61,26.46,35.5,32.4,37.4,118,,2156,901,1.255,11945,5.783,6.162,20710,9.988,10.722,1998,1.294,704,01/01/2022,246,16,Hortaleza,164,Pinar del Rey,8208.58870022,16,PINAR DEL REY,164,4,PINAR DEL REY,16-4,2664766.71518,8208.58870022
2022,Anual,16,165,Apóstol Santiago,15374,11.86,66.61,21.53,36,30.2,39.7,109.4,,692,309,383,2336,1.038,1.298,6107,3.027,3.08,520,323,197,01/01/2022,247,16,Hortaleza,165,Apóstol Santiago,4724.24833028,16,APOSTOL SANTIAGO,165,5,APÓSTOL SANTIAGO,16-5,1205069.87543,4724.24833028
2022,Anual,16,166,Valdefuentes,66210,26.51,65.8,7.69,21.1,18,23.6,104.1,,1689,646,1.043,65023,31.28,33.743,28856,14.615,14.241,2333,1.442,891,01/01/2022,256,16,Hortaleza,166,Valdefuentes,19611.72010842,16,VALDEFUENTES,166,6,VALDEFUENTES,16-6,17025263.0124,19611.7201084
2022,Anual,17,171,Villaverde Alto - Casco Histórico de Villaverde,46156,15.44,68.19,16.37,37.9,33.1,41,109.7,,3043,1.280,1.763,36928,20.795,16.133,18121,8.953,9.168,2071,1.416,655,01/01/2022,136,17,Villaverde,171,Villaverde Alto - Casco Histórico de Villaverde,13726.66050312,17,VILLAVERDE ALTO - CASCO HISTORICO DE VILLAVERDE,171,1,VILLAVERDE ALTO - CASCO HISTÓRICO DE VILLAVERDE,17-1,9253553.84107,13726.6605031
2022,Anual,17,172,San Cristóbal,16640,18.74,70,11.26,45.5,36.6,50.8,102.4,,1230,542,688,750,452,298,5841,2.951,2.89,283,201,82,01/01/2022,132,17,Villaverde,172,San Cristóbal,4752.82744596,17,SAN CRISTOBAL,172,2,SAN CRISTÓBAL,17-2,1082492.47218,4752.82744597
2022,Anual,17,173,Butarque,20813,22.53,68.6,8.86,24.2,20.9,26.7,106.3,,963,324,639,1489,881,608,9573,4.739,4.834,514,343,171,01/01/2022,133,17,Villaverde,173,Butarque,12641.91685807,17,BUTARQUE,173,3,BUTARQUE,17-3,6375521.77631,12641.9168581
2022,Anual,17,174,Los Rosales,37319,13.9,69.05,17.05,32.5,29.8,34.3,108.3,,1990,861,1.129,5946,3.216,2.73,15603,7.595,8.008,1130,758,372,01/01/2022,135,17,Villaverde,174,Los Rosales,5470.26262759,17,LOS ROSALES,174,4,LOS ROSALES,17-4,1540746.76095,5470.26262759
2022,Anual,17,175,Ángeles,32901,12.45,63.16,24.39,42.2,39.3,44.1,114.2,,1663,729,934,5966,3.779,2.187,12427,6.161,6.266,1228,809,419,01/01/2022,134,17,Villaverde,175,Ángeles,5703.9988152,17,ANGELES,175,5,ÁNGELES,17-5,1935271.49008,5703.9988152
2022,Anual,18,181,Casco Histórico de Vallecas,39578,15.81,67.34,16.86,32.4,27.8,35.6,108.6,,2696,1.144,1.552,27884,19.794,8.09,15940,8.019,7.921,1592,1.1,492,01/01/2022,142,18,Villa de Vallecas,181,Casco Histórico de Vallecas,39357.26883554,18,CASCO HISTORICO DE VALLECAS,181,1,CASCO HISTÓRICO DE VALLECAS,18-1,43045886.111,39357.2688355
2022,Anual,18,182,Santa Eugenia,24110,11.59,64.71,23.7,23.2,20.1,25.4,109.4,,1091,447,644,3095,2.077,1.018,10103,4.943,5.16,762,478,284,01/01/2022,149,18,Villa de Vallecas,182,Santa Eugenia,6793.01964889,18,SANTA EUGENIA,182,2,SANTA EUGENIA,18-2,2080233.33866,6793.01964889
2022,Anual,18,183,Ensanche de Vallecas,51129,24.25,70.66,5.09,22.1,16.7,26.1,103.7,,2202,787,1.415,10625,6.427,4.198,25648,12.879,12.769,1252,803,449,01/01/2022,138,18,Villa de Vallecas,183,Ensanche de Vallecas,14866.71358646,18,ENSANCHE DE VALLECAS,183,3,ENSANCHE DE VALLECAS,18-3,6341118.96189,14866.7135865
2022,Anual,19,191,Casco histórico de Vicálvaro,35086,14.56,65.13,20.32,41.3,41.4,41.2,107.3,,2135,955,1.180,7197,5.116,2.081,13710,6.846,6.864,1186,853,333,01/01/2022,261,19,Vicálvaro,191,Casco histórico de Vicálvaro,31101.74739896,19,CASCO HISTORICO DE VICALVARO,191,1,CASCO HISTÓRICO DE VICÁLVARO,19-1,21494220.3233,31101.747399
2022,Anual,19,192,Valdebernardo,17431,11.16,75.72,13.12,24.5,20.9,27.3,109.5,,1026,390,636,2430,1.196,1.234,7660,3.779,3.881,473,295,178,01/01/2022,168,19,Vicálvaro,192,Valdebernardo,7086.98958115,19,VALDEBERNARDO,192,2,VALDEBERNARDO,19-2,2555072.51455,7086.98958115
2022,Anual,19,193,Valderrivas,17867,24.51,68.85,6.63,28.8,27.4,29.8,106.2,,579,190,389,1127,566,561,8678,4.361,4.317,334,235,99,01/01/2022,166,19,Vicálvaro,193,Valderrivas,4577.75683592,19,VALDERRIVAS,193,3,VALDERRIVAS,19-3,643168.463002,4577.75683592
2022,Anual,19,194,El Cañaveral,8944,23.05,74.65,2.29,16.6,12.6,20,97.7,,343,110,233,314,173,141,2627,1.382,1.245,117,79,38,01/01/2022,262,19,Vicálvaro,194,El Cañaveral,15928.20255864,19,EL CAÑAVERAL,194,4,EL CAÑAVERAL,19-4,10574251.7914,15928.2025586
2022,Anual,20,201,Simancas,28171,14.05,70.32,15.63,40,31.2,45.1,112,,1450,633,817,69488,36.029,33.459,12160,5.924,6.236,1729,1.175,554,01/01/2022,210,20,San Blas - Canillejas,201,Simancas,6683.59930249,20,SIMANCAS,201,1,SIMANCAS,20-1,2276342.63995,6683.59930249
2022,Anual,20,202,Hellín,9274,12.62,66.72,20.66,52.9,40.8,59.6,117.1,,596,246,350,365,207,158,3732,1.826,1.906,201,144,57,01/01/2022,200,20,San Blas - Canillejas,202,Hellín,3989.9027957,20,HELLIN,202,2,HELLÍN,20-2,550556.079331,3989.9027957
2022,Anual,20,203,Amposta,8710,14.31,67.83,17.86,46.5,33.7,53.2,114.4,,633,276,357,682,368,314,3369,1.639,1.73,235,157,78,01/01/2022,194,20,San Blas - Canillejas,203,Amposta,3097.46051578,20,AMPOSTA,203,3,AMPOSTA,20-3,370249.994462,3097.46051578
2022,Anual,20,204,Arcos,24960,14.43,68.64,16.94,41.5,32.6,46.6,112.9,,1344,591,753,2534,1.306,1.228,10427,5.167,5.26,653,458,195,01/01/2022,192,20,San Blas - Canillejas,204,Arcos,5074.87210758,20,ARCOS,204,4,ARCOS,20-4,1305194.03829,5074.87210758
2022,Anual,20,205,Rosas,30887,13.46,71.04,15.5,28.4,24.7,31.3,108.1,,1118,424,694,6469,3.05,3.419,14177,6.95,7.227,1181,756,425,01/01/2022,217,20,San Blas - Canillejas,205,Rosas,16073.10844396,20,ROSAS,205,5,ROSAS,20-5,9296501.19119,16073.108444
2022,Anual,20,206,Rejas,16971,18.85,69.6,11.56,36.5,28.8,41.7,105.2,,567,211,356,19272,12.201,7.071,7798,3.952,3.846,842,561,281,01/01/2022,219,20,San Blas - Canillejas,206,Rejas,13389.64872287,20,REJAS,206,6,REJAS,20-6,5015732.12195,13389.6487229
2022,Anual,20,207,Canillejas,28541,12.74,63.99,23.26,33.4,30,35.7,114.3,,1308,513,795,3847,2.039,1.808,11452,5.576,5.876,1238,825,413,01/01/2022,216,20,San Blas - Canillejas,207,Canillejas,5438.21130749,20,CANILLEJAS,207,7,CANILLEJAS,20-7,1597706.22683,5438.21130749
2022,Anual,20,208,El Salvador,11269,10.8,66.71,22.5,31.9,29.6,33.6,112.3,,419,159,260,17794,6.685,11.109,4652,2.287,2.365,531,321,210,01/01/2022,218,20,San Blas - Canillejas,208,El Salvador,6577.50637931,20,EL SALVADOR,208,8,EL SALVADOR,20-8,1880110.03959,6577.50637931
2022,Anual,21,211,Alameda de Osuna,19662,15.82,57.91,26.26,23.4,25.1,22.2,108.9,,476,174,302,9350,3.791,5.559,7384,3.646,3.738,800,473,327,01/01/2022,232,21,Barajas,211,Alameda de Osuna,6601.76635639,21,ALAMEDA DE OSUNA,211,1,ALAMEDA DE OSUNA,21-1,2031267.27563,6601.76635639
2022,Anual,21,212,Aeropuerto,1895,15.94,69.34,14.72,41.9,32.2,48.8,96,,88,36,52,7987,4.831,3.156,718,354,364,531,446,85,01/01/2022,255,21,Barajas,212,Aeropuerto,28381.70053827,21,AEROPUERTO,212,2,AEROPUERTO,21-2,29664865.4328,28381.7005383
2022,Anual,21,213,Casco Histórico de Barajas,7351,11.22,68.87,19.9,31.9,27,35.7,108.2,,285,123,162,1432,727,705,3243,1.643,1.6,356,220,136,01/01/2022,243,21,Barajas,213,Casco Histórico de Barajas,3388.64757052,21,CASCO HISTORICO DE BARAJAS,213,3,CASCO HISTÓRICO DE BARAJAS,21-3,549393.831216,3388.64757052
2022,Anual,21,214,Timón,11895,18.95,69.26,11.79,30.8,26.3,34.1,111.6,,426,168,258,3005,1.535,1.47,6253,3.076,3.177,490,281,209,01/01/2022,254,21,Barajas,214,Timón,10723.32145988,21,TIMON,214,4,TIMÓN,21-4,4798439.21996,10723.3214599
2022,Anual,21,215,Corralejos,7601,21.13,68.64,10.24,27.4,23.9,30.2,103.1,,183,84,99,20808,10.906,9.902,3422,1.698,1.724,415,264,151,01/01/2022,238,21,Barajas,215,Corralejos,9654.79943122,21,CORRALEJOS,215,5,CORRALEJOS,21-5,4672511.63393,9654.79943122